{"cameraMode":{"drawMode":0,"name":"Shaded","section":"Shading Mode"},"sceneLighting":false,"audioPlay":false,"sceneViewState":{"m_AlwaysRefresh":false,"showFog":true,"showSkybox":false,"showFlares":true,"showImageEffects":true,"showParticleSystems":true,"showVisualEffectGraphs":true,"m_FxEnabled":true},"in2DMode":false,"pivot":{"x":2.8608109951019289,"y":-1.2731153964996338,"z":0.7152318954467773},"rotation":{"x":-0.13825614750385285,"y":0.05493729189038277,"z":-0.007659309543669224,"w":-0.9888736605644226},"size":9.362326622009278,"orthographic":false}