{"cameraMode":{"drawMode":0,"name":"Shaded","section":"Shading Mode"},"sceneLighting":false,"audioPlay":false,"sceneViewState":{"m_AlwaysRefresh":false,"showFog":true,"showSkybox":false,"showFlares":true,"showImageEffects":true,"showParticleSystems":true,"showVisualEffectGraphs":true,"m_FxEnabled":true},"in2DMode":false,"pivot":{"x":0.057549238204956058,"y":-0.0856637954711914,"z":-0.04262518882751465},"rotation":{"x":-0.11729753762483597,"y":0.1250828504562378,"z":-0.014871839433908463,"w":-0.9851074814796448},"size":2.7282705307006838,"orthographic":false}