{"cameraMode":{"drawMode":0,"name":"Shaded","section":"Shading Mode"},"sceneLighting":false,"audioPlay":false,"sceneViewState":{"m_AlwaysRefresh":false,"showFog":true,"showSkybox":false,"showFlares":true,"showImageEffects":true,"showParticleSystems":true,"showVisualEffectGraphs":true,"m_FxEnabled":true},"in2DMode":false,"pivot":{"x":-0.08920951187610626,"y":0.022002069279551507,"z":-0.051670756191015246},"rotation":{"x":0.1508972942829132,"y":-0.02343905158340931,"z":0.0034903953783214094,"w":0.9883091449737549},"size":0.12025275826454163,"orthographic":false}