{"cameraMode":{"drawMode":0,"name":"Shaded","section":"Shading Mode"},"sceneLighting":false,"audioPlay":false,"sceneViewState":{"m_AlwaysRefresh":false,"showFog":true,"showSkybox":false,"showFlares":true,"showImageEffects":true,"showParticleSystems":true,"showVisualEffectGraphs":true,"m_FxEnabled":true},"in2DMode":false,"pivot":{"x":-0.09717464447021485,"y":0.0203019380569458,"z":-0.18100976943969727},"rotation":{"x":-0.11729753762483597,"y":0.1250828504562378,"z":-0.014871839433908463,"w":-0.9851074814796448},"size":3.7959229946136476,"orthographic":false}