{"cameraMode":{"drawMode":0,"name":"Shaded","section":"Shading Mode"},"sceneLighting":true,"audioPlay":false,"sceneViewState":{"m_AlwaysRefresh":false,"showFog":true,"showSkybox":true,"showFlares":true,"showImageEffects":true,"showParticleSystems":true,"showVisualEffectGraphs":true,"m_FxEnabled":true},"in2DMode":false,"pivot":{"x":1.0064059495925904,"y":-0.002836779924109578,"z":-4.519253253936768},"rotation":{"x":-0.0006773219793103635,"y":-0.989993155002594,"z":0.14112786948680879,"w":-0.004755998961627483},"size":1.6794373989105225,"orthographic":false}