{"cameraMode":{"drawMode":0,"name":"Shaded","section":"Shading Mode"},"sceneLighting":true,"audioPlay":false,"sceneViewState":{"m_AlwaysRefresh":false,"showFog":true,"showSkybox":true,"showFlares":true,"showImageEffects":true,"showParticleSystems":true,"showVisualEffectGraphs":true,"m_FxEnabled":true},"in2DMode":false,"pivot":{"x":0.5947538614273071,"y":-0.19292956590652467,"z":0.7001705169677734},"rotation":{"x":0.07818255573511124,"y":0.8963579535484314,"z":0.1753653734922409,"w":-0.3996456265449524},"size":0.45620664954185488,"orthographic":false}