{"cameraMode":{"drawMode":0,"name":"Shaded","section":"Shading Mode"},"sceneLighting":true,"audioPlay":false,"sceneViewState":{"m_AlwaysRefresh":false,"showFog":true,"showSkybox":true,"showFlares":true,"showImageEffects":true,"showParticleSystems":true,"showVisualEffectGraphs":true,"m_FxEnabled":true},"in2DMode":false,"pivot":{"x":2.761990785598755,"y":-3.99265193939209,"z":14.690851211547852},"rotation":{"x":0.19360853731632234,"y":0.04147081449627876,"z":-0.00829222146421671,"w":0.9802162647247315},"size":12.495624542236329,"orthographic":false}