{"cameraMode":{"drawMode":0,"name":"Shaded","section":"Shading Mode"},"sceneLighting":true,"audioPlay":false,"sceneViewState":{"m_AlwaysRefresh":false,"showFog":true,"showSkybox":true,"showFlares":true,"showImageEffects":true,"showParticleSystems":true,"showVisualEffectGraphs":true,"m_FxEnabled":true},"in2DMode":false,"pivot":{"x":-2.7780847549438478,"y":-5.092386245727539,"z":21.95768165588379},"rotation":{"x":-0.15653687715530396,"y":0.06395380198955536,"z":-0.010137103497982026,"w":-0.9855807423591614},"size":16.22852897644043,"orthographic":false}