{"cameraMode":{"drawMode":0,"name":"Shaded","section":"Shading Mode"},"sceneLighting":true,"audioPlay":false,"sceneViewState":{"m_AlwaysRefresh":false,"showFog":true,"showSkybox":true,"showFlares":true,"showImageEffects":true,"showParticleSystems":true,"showVisualEffectGraphs":true,"m_FxEnabled":true},"in2DMode":false,"pivot":{"x":93.61327362060547,"y":2.4413390159606935,"z":64.45704650878906},"rotation":{"x":0.03383506461977959,"y":-0.9627397656440735,"z":0.1419200301170349,"w":0.22826753556728364},"size":1.7397756576538087,"orthographic":false}