{"cameraMode":{"drawMode":0,"name":"Shaded","section":"Shading Mode"},"sceneLighting":true,"audioPlay":false,"sceneViewState":{"m_AlwaysRefresh":false,"showFog":true,"showSkybox":false,"showFlares":true,"showImageEffects":true,"showParticleSystems":true,"showVisualEffectGraphs":true,"m_FxEnabled":true},"in2DMode":false,"pivot":{"x":-0.23611266911029817,"y":5.082827568054199,"z":359.4861145019531},"rotation":{"x":-0.00035758005105890334,"y":0.9891315698623657,"z":0.002373346360400319,"w":0.1470770537853241},"size":0.8660253882408142,"orthographic":false}