{"cameraMode":{"drawMode":0,"name":"Shaded","section":"Shading Mode"},"sceneLighting":true,"audioPlay":false,"sceneViewState":{"m_AlwaysRefresh":false,"showFog":true,"showSkybox":false,"showFlares":true,"showImageEffects":true,"showParticleSystems":true,"showVisualEffectGraphs":true,"m_FxEnabled":true},"in2DMode":false,"pivot":{"x":0.2612681984901428,"y":5.235439300537109,"z":359.2608642578125},"rotation":{"x":-0.02152581699192524,"y":0.9432088136672974,"z":0.06234104186296463,"w":0.32561567425727847},"size":18.359207153320314,"orthographic":false}